TSNE1,TSNE2
-23.658882,46.805355
-32.242332,-27.274553
-49.876072,24.958452
-21.957405,-2.3421817
-64.7592,-15.456478
-48.812336,25.123627
-37.35545,-45.392494
-61.94247,3.582096
-41.952938,-44.457394
-43.000748,-3.1419559
-43.3395,-4.1699557
-61.221977,13.0627985
-20.485516,50.92792
-40.80309,18.937025
-3.5705292,-1.3884449
-61.551197,11.152658
-23.340158,6.230666
-20.026587,-9.452912
-19.87585,-9.947612
-34.03273,-21.16414
-42.9481,-43.98083
-30.237732,-37.717377
-23.437529,7.148538
-31.991867,-42.575867
-42.39325,-44.270893
-60.342262,15.901277
-14.1509695,56.63073
-16.638266,54.633232
-30.51699,-33.00273
-61.591652,-6.2948256
-34.678734,-16.38944
-23.021004,3.7394795
-30.807022,-31.815117
-30.134987,-35.791164
-30.133995,-36.093952
-55.171085,22.902906
-34.36362,-19.226192
-19.857672,-10.018014
-26.291862,41.60615
-61.741398,-1.1057132
-44.376568,-42.97973
-2.0347059,-5.9065413
-8.534469,21.29584
-30.292715,-34.21201
-41.62363,1.4102371
-34.03273,-21.164143
-62.236813,-11.527166
-48.470352,-38.201855
-61.799248,0.029152818
-45.78376,-12.046081
-46.340412,24.748404
-61.780006,-0.35061678
-44.010406,-43.259556
-14.98243,-22.971262
-55.31684,22.786512
-25.29602,43.832104
-38.875458,-45.330166
-45.263386,24.373257
-57.64123,20.484928
-17.819117,-16.283358
-27.790071,36.26519
-39.871094,9.931412
-43.9335,23.566563
-16.87212,-18.834566
-28.377813,33.672516
-61.850574,1.08416
-31.101858,-30.789734
-61.962547,5.005963
-45.337387,-10.416714
-20.471003,-7.9660783
-43.263653,22.922342
-47.952847,25.105614
-61.702457,-1.916399
-41.006557,3.6876152
-61.85768,1.2397723
-45.253765,-42.1613
-23.466862,7.5075507
-17.785343,53.63188
-41.728336,1.0439508
-32.250294,-42.85736
-24.754885,44.942238
-17.536026,-17.078104
-44.61979,-8.058664
-30.144936,-35.463688
-28.087511,34.770187
-22.576872,1.2847099
-49.435097,-35.748955
-34.15074,-20.62025
-22.29537,-0.7466287
-44.507248,-42.85967
-33.75869,-22.298218
-40.56859,5.652886
-44.380875,-7.301837
-24.920008,44.61124
-61.899513,2.2116427
-42.552837,-1.7243634
-10.182733,-28.169493
-17.00877,-18.482143
-44.468422,23.959095
-61.844574,8.210381
-18.968187,-12.842216
-24.253922,45.86229
-23.572762,46.975666
-38.03325,-45.40164
-56.03192,22.214565
-23.476044,7.584786
-41.344578,-44.68851
-28.270554,33.539368
-56.40309,21.861652
-18.598137,-13.980135
-22.939024,3.1481574
-27.246008,38.650085
-60.33221,15.925265
-59.005653,18.571701
-31.165104,-30.580458
-30.868507,-40.278954
-43.30677,-43.89777
-58.169376,19.789385
-44.665096,24.065266
-43.575165,23.270594
-40.966465,3.8535972
-39.722485,12.619334
-19.524044,-11.063945
-61.297424,12.689153
-18.803171,52.680763
-21.09424,-5.745579
-23.14429,4.657425
-41.747776,20.943192
-30.652708,-32.414135
-15.983052,55.190083
0.65234137,-18.469418
-40.29367,7.0448346
-44.929405,-9.063877
-66.943596,-16.812706
-20.052788,51.402664
-39.76966,14.573122
-33.574368,-23.009863
-61.634274,-8.153939
-43.55937,-4.8332114
-38.465492,-45.371296
-44.31578,-43.0295
-40.088326,8.229094
-41.633926,1.373276
-1.0536151,-24.865831
-39.129234,-45.30034
-45.69073,-41.731014
-57.3069,20.89144
-0.4928142,-10.804244
-57.653275,20.470755
-59.030243,18.529902
-32.869194,-25.377363
-2.1436238,-5.594472
-21.753025,-3.1879525
-32.557243,-26.322254
-39.748634,11.710467
0.15863411,-21.877066
-15.282385,55.75589
-47.464924,25.035366
-43.848927,-43.381145
-34.663998,-16.621294
-28.818897,29.780653
-34.217056,-20.197989
-32.211674,-27.364426
-33.7478,-44.104027
-6.8339996,9.144809
9.195034,30.200106
-28.33123,34.005413
-39.98553,15.964323
-28.561285,31.772951
-27.226568,38.725533
-34.15098,-20.602324
-33.532497,-23.157501
-40.02321,8.6537485
-62.526302,-12.225986
-32.4521,-43.052082
-17.126307,54.21921
-47.142975,-40.180283
-34.822624,-44.68098
-40.832184,4.444434
-60.82867,14.441707
-6.6275845,8.394814
-31.32405,-41.451103
-43.749477,-5.4038424
-42.88343,-44.049572
-61.68464,-8.762069
-30.133512,-35.94005
-60.30147,16.004808
-0.1881129,-23.05482
-27.02035,39.431805
-40.511074,18.440887
-32.250294,-42.857357
-28.110989,33.987667
-39.83336,10.336881
-33.100883,-24.636015
-42.84904,-2.66273
-44.983997,24.257227
-40.790806,19.346205
-54.31261,23.427532
-42.3278,-1.0020941
-19.981003,-9.615778
-40.732376,18.740192
-24.404964,45.59221
-41.128304,3.2537537
-34.613712,-17.188416
-44.870514,-8.857332
-49.25055,25.079922
-49.13406,-36.695366
-43.219337,22.87696
-30.911797,-31.444492
-23.48866,7.7228823
-49.1268,25.099833
-14.6926365,-23.449236
-38.651653,-45.35997
-61.946255,3.7766645
8.391318,31.85862
-8.273094,23.762114
-44.179104,-6.678032
-41.51799,20.599695
-23.41578,47.221375
-39.952816,-45.13513
-23.241627,5.4073834
-39.744858,14.237578
-61.939533,3.4537666
-61.185764,13.203272
-32.70098,-25.894197
-22.910513,2.9482841
-40.62004,5.416569
-62.015526,-10.746117
-31.736992,-28.791807
-49.65352,-34.664356
-39.480453,-45.23398
-39.723778,13.63751
-47.84278,-39.25694
-42.338634,-1.038458
-25.382929,43.660503
-18.66716,-13.7719755
-30.210718,-37.536686
-5.8594,5.745954
-20.81204,-6.773041
-30.397642,-33.602737
-65.66715,-16.19761
-45.21288,-10.013995
-11.748854,-27.08189
-32.742146,-43.315777
-21.933218,-2.4445863
-48.692776,-37.747005
-20.925997,-6.372032
-30.221981,-34.710716
-61.65992,-2.865854
-3.2710264,-27.286955
-19.86747,-9.984392
-43.33267,-43.85954
-56.414585,21.84807
-60.08847,16.510725
-39.80854,14.909034
-61.964127,5.4795017
-42.994503,-43.910324
-32.27779,-42.884373
-17.359518,54.013752
-61.598064,-5.2241144
-28.534275,31.985876
-20.193216,51.252167
-19.609808,-10.806508
-22.069452,-1.8214058
-45.569656,-11.221401
-30.179068,-35.104935
-48.58377,25.131304
-34.589127,-17.450226
-61.644978,-3.3077972
-34.618465,-17.162159
-27.140135,39.027775
-56.414585,21.84807
-41.854153,0.6015439
-41.24102,20.139116
-39.822388,15.013483
-41.850697,0.6134365
-34.25351,-19.982552
-49.391136,-35.9137
-39.78439,14.71597
-27.492264,37.67003
-39.720905,12.731321
-33.93149,-21.589561
-15.3090105,55.733444
-31.736605,-42.21354
-32.223038,-27.337536
-41.113255,19.911291
-44.205704,23.787228
-16.090471,55.100506
-30.892824,-40.348305
-49.230183,-36.423542
-26.11001,42.049946
0.71250296,-17.976282
-17.499603,-17.17432
-37.11471,-45.375088
-47.12653,24.962467
-34.261707,-44.42144
-7.507316,27.182123
-42.11143,-0.2836513
-39.758087,14.451976
-47.814922,25.089231
-34.653053,-16.86439
-31.58441,-41.972282
-61.92128,2.7935479
-30.54157,-32.884907
-60.451977,15.5882845
-32.746704,-25.747011
-62.94527,-13.003942
-30.171381,-35.172886
-58.40267,19.472595
-22.06633,-1.8535287
-58.091957,19.897755
-26.233068,41.757305
-47.463795,-39.77846
-39.91811,9.463438
-43.844334,-43.46995
-23.33765,6.2089987
-42.31726,-0.96751887
-32.849117,-25.434412
-39.804077,10.722348
-22.53935,1.2411059
-49.307575,-36.192276
0.8434631,-18.41202
-30.524544,-39.139355
0.47026244,-20.373367
-44.249428,-6.937247
-61.628937,10.54123
-50.663387,24.728489
-41.293415,20.235067
-34.072174,-20.984442
-4.573243,1.6316113
-42.714954,-2.2517319
-39.753185,11.606466
-47.367195,-39.906208
-61.750477,-0.94020975
-14.002605,56.724358
-15.587058,55.50899
-41.69205,-44.557613
0.12610084,-13.293992
-40.497482,5.990993
-24.460789,45.50283
-1.3981439,-7.812603
-48.052986,-38.93101
-40.40067,6.482034
-43.817802,-5.6131725
-55.31684,22.786509
-47.66466,-39.512768
-19.210411,-12.088913
-22.232794,48.81079
-16.633148,-19.434172
-33.341175,-23.835007
-31.695307,-28.916767
-23.832546,46.556816
-40.129547,-45.082455
0.19305383,-21.728052
-30.133514,-35.940052
-31.172567,-41.09304
-20.524567,-7.7806215
-49.362896,-36.0147
-30.139414,-36.547207
-40.330734,6.8412137
-26.535824,40.95818
-12.663618,57.54039
-48.23844,-38.61423
-49.095673,-36.793358
-61.69597,-2.0301845
-40.00712,8.76933
-30.18116,-35.060127
-40.452465,18.275278
-61.241302,12.950904
-62.166115,-11.310622
-33.184467,-24.368675
-42.217636,-44.3475
-49.66375,-34.566044
-43.981915,23.607702
0.09604931,-13.156251
-45.75903,-41.662453
-27.594223,37.203465
-40.187534,7.6337204
-39.719223,12.903217
-45.367783,24.415115
-61.66352,-8.560896
-44.335075,-7.1370444
-34.624866,-17.104792
-47.80243,25.087835
10.529481,10.754079
-39.87751,9.85502
-61.69343,-2.0897717
-45.561146,-11.186167
-0.87735176,-24.549168
-34.17228,-44.369793
8.379656,31.87735
-27.209116,38.787186
-30.207735,-37.518314
10.677565,20.539143
-45.426086,-10.720259
-41.048157,3.5261755
-22.570028,0.8592108
-28.419483,32.79716
-61.940033,6.5562096
-28.309092,33.372906
-53.11478,23.960218
0.8610997,-18.29013
-43.386925,-43.576347
-61.961254,5.871469
-44.234627,-6.8753386
-39.870518,-45.153423
-61.907967,7.239991
-1.5382326,-25.59393
-9.260001,-28.621033
-22.525652,0.49030367
-31.710697,-28.871235
-44.313805,-7.092149
-40.467403,18.330698
-22.443487,48.546738
-61.914055,7.1260257
-60.054157,16.578548
-3.8428054,-0.57863146
-39.79124,10.914387
-62.044025,-10.840222
-34.06106,-21.037191
-17.363111,-17.540298
-40.98368,3.7982428
-34.245544,-20.016573
-59.881657,16.948286
-28.348795,33.286945
-20.985928,-6.1484838
-40.04923,8.479265
-16.308506,-20.19882
-41.05608,3.5364041
-44.394547,-42.956085
-6.536784,29.42863
-45.547085,-11.12115
-17.113762,54.229675
-67.15447,-16.88825
-39.811714,14.932619
-49.37559,25.062853
-47.728172,25.078289
-59.757614,17.193258
-39.74404,11.828168
-41.623356,20.755749
-42.206497,-44.354404
-55.65081,22.551384
-61.036026,13.7615795
-24.286278,45.820763
-44.228497,-6.8557053
-30.292711,-34.212006
-40.436314,6.284917
-42.627827,-1.9637399
-9.559526,-28.501385
-18.996895,-12.751268
-4.9561577,2.829592
-48.54001,25.131357
-34.150986,-20.602322
-60.140003,16.402853
-65.95028,-16.368454
-48.791134,-37.526466
-28.686668,30.848648
-31.716991,-42.179207
-4.1484966,0.34159586
-18.757803,52.720013
-20.817978,50.54686
-44.5104,23.988052
-58.930817,18.692102
-49.13979,-36.661427
-43.42007,23.107922
-54.05472,23.57313
-7.541228,11.985683
-45.944443,-41.480656
-15.452161,55.616062
-48.486267,-38.16859
-6.4781156,-28.688372
-8.12527,-28.797852
-28.002207,35.23067
-34.482853,-44.53054
-21.22141,-5.2668624
-57.372414,20.813025
0.036201026,-12.89533
-22.81667,2.3156304
-30.134586,-36.226933
-53.81113,23.690405
-41.289616,2.6291559
-23.834442,46.648304
-53.96207,23.618183
-63.24293,-13.484798
-53.241436,23.920403
-40.401257,6.466846
-45.13523,24.315367
-40.52585,18.989994
-34.436153,-18.721174
-48.742878,-37.634586
-61.61571,-7.7390733
-47.914146,-39.1422
-23.505596,7.9784403
-44.372448,-7.280347
-7.532582,-28.794596
-15.199467,55.81867
-42.511967,-1.600991
-61.744267,-1.0567242
-40.579823,19.102251
-61.79107,-0.12950946
12.878216,-63.662224
10.235281,-62.308453
38.79993,-35.668755
43.82589,-8.924341
5.9078,-41.357056
10.113077,5.4484224
22.981722,-24.640648
28.581932,23.735518
28.654724,39.581116
26.490454,-35.869755
40.136925,37.516747
29.556046,19.692038
40.793106,36.653194
27.80313,38.834602
-8.553786,19.687569
5.2209125,-54.420113
24.869959,-19.648067
10.658919,13.742455
-2.314712,-5.079133
22.909077,-25.023476
23.366558,-23.237646
44.376686,-11.685723
25.462358,-34.94774
27.496021,3.5779514
-4.7513022,2.1882558
41.430565,-33.304054
30.092968,16.411318
28.225533,5.1310644
30.059998,16.68931
23.032938,-24.44156
9.417082,-61.653973
5.159529,-54.1454
22.780334,-26.25294
21.28445,-62.783985
45.816013,-20.776041
44.874622,-14.055682
26.17917,-17.0669
15.65635,-64.41092
40.27655,-34.41496
22.805546,-3.3594177
-21.742615,-3.2289855
29.6675,9.543454
28.668491,23.435568
6.17084,34.694023
-1.6672871,34.98921
44.875664,-14.061962
23.55763,-22.649582
43.53012,-6.846543
23.677189,-22.327164
8.506632,31.662363
25.582561,-18.294731
9.8049555,-61.990524
22.839762,-29.001741
43.65096,-7.835782
19.57038,-7.5772624
19.38396,-8.060986
10.367624,-62.39539
-8.002654,14.328667
24.503428,-33.676224
7.563347,-59.524647
23.440813,-31.625223
37.476128,39.843185
5.865506,-56.697517
29.833408,18.211199
26.559557,-16.487299
11.009998,-62.78126
45.64777,-18.347061
23.161552,-2.895039
37.077347,-36.69948
45.810165,-23.206287
29.075735,21.819023
45.391518,-16.677555
23.03294,-24.44156
30.763695,-37.80338
9.7572365,28.258718
35.397236,-37.41484
25.610281,-35.087063
23.189491,-2.86668
33.515247,41.168793
9.998631,4.061322
31.814312,-37.974617
45.37949,-25.978811
41.392628,35.812637
23.456692,-22.952736
9.816263,-62.00301
45.43503,-25.672443
33.320885,-37.92879
43.977383,-9.768625
4.8986235,-52.78398
-10.89554,-27.724016
22.995308,-30.126877
26.834667,36.65443
22.976206,-61.349495
25.11075,-0.25532857
27.44661,27.755568
22.91699,-3.2190123
5.1088557,-46.33621
10.595538,22.344948
26.558933,-35.92014
10.676706,14.362702
28.214033,25.023542
28.030294,39.08743
27.094326,2.796306
28.88013,22.608316
42.162827,34.91763
10.68031,20.457836
36.814373,-36.82936
22.731554,-61.77968
34.13866,-37.772785
24.866335,-34.22151
45.84075,-21.911486
39.067795,-35.467094
26.515232,33.648136
5.2397704,-45.363705
26.407179,-16.596403
-8.556618,20.166391
21.140163,-62.87042
6.529497,34.354286
22.991472,-3.1205075
32.541748,-38.01369
9.906323,27.610586
10.503917,23.511553
5.885715,-41.49115
29.303051,20.866533
27.41127,27.886147
28.713491,39.62855
5.4270396,-55.263916
31.581863,-37.94447
27.291197,28.345581
40.40033,37.170856
24.677448,-20.040531
44.322144,-28.782677
34.01022,-37.80165
31.930208,-37.993176
26.65187,-35.988007
29.907269,10.821749
42.304165,-32.561905
-3.4914997,-27.42778
26.881884,-15.8875475
22.889124,-29.494846
27.057053,37.287544
9.970179,3.0972042
27.810894,26.431465
15.117301,-64.31971
10.479617,9.907553
5.48571,-55.492313
29.01645,-37.27098
29.901169,10.780684
12.076162,-63.330307
29.591095,40.194397
5.3870735,-44.41006
19.48193,-63.730473
-8.485753,17.799223
23.255161,-31.128729
9.881275,2.9645483
10.341296,25.001358
27.747149,38.626102
18.680346,-64.04391
5.1079817,-46.343143
27.849308,38.76128
10.677041,14.36842
26.85205,36.715046
20.10597,-6.821868
21.367857,-5.201711
33.06416,41.197685
18.704773,-8.869272
0.46786082,-15.25294
27.90751,38.796825
5.29571,-44.992687
17.512575,-64.34099
-4.953818,32.127693
18.82319,-8.668866
6.0254035,-57.031307
20.391773,-63.295746
26.638746,31.71758
35.211723,-37.48598
32.95859,41.19958
26.761444,30.741518
26.8629,30.166233
26.598099,-16.434322
9.238122,-61.492306
23.248241,-61.486134
43.55127,-7.079409
8.546055,31.589687
16.750738,-64.42803
30.057737,-37.62922
9.848926,2.7300637
19.486559,-7.554103
38.71143,-35.7342
10.269332,7.159266
26.590563,35.441128
29.008026,22.09527
10.600129,12.239049
45.486233,-17.213562
27.73752,4.086431
4.2071605,35.73152
29.618874,19.370844
27.378044,3.3423383
28.662216,39.58512
45.838493,-22.449375
27.26009,3.1026328
29.550829,9.063622
30.685623,40.760212
17.344114,-64.36562
23.454199,-22.959465
26.696404,2.0853002
23.177488,-61.23468
23.545164,-61.1141
4.959287,-47.590984
-4.245196,0.63446397
4.8348274,-52.313526
22.85542,-29.195333
28.709946,23.268175
10.190114,6.263307
39.838726,37.90235
6.281952,-57.517704
23.06823,-30.45213
26.76789,2.2085829
28.834904,6.6542535
28.308264,5.3179426
5.7627764,-56.38723
5.7897453,-42.052258
40.02568,37.69919
41.71414,-33.027775
44.67203,-13.095801
10.398133,8.768154
36.763172,40.272537
28.483389,24.080206
33.199776,-37.947464
35.86078,-37.248085
10.586801,22.472134
10.020617,4.4875903
33.148067,-37.955444
11.1494055,-62.855072
25.9952,-17.529728
21.234943,-5.3669696
-4.020517,33.21323
5.5915246,-43.19471
30.082134,12.507162
0.7501035,-18.045918
26.654442,31.55702
19.09151,-8.360152
35.36141,40.85986
26.153337,-17.24877
20.227564,-63.385654
23.607265,-22.511322
45.20973,-15.739247
18.63325,-8.987989
43.350365,-30.64011
26.97253,-36.20871
26.870722,2.3787324
28.565695,5.917444
43.015915,-31.184555
34.2522,41.082268
20.683605,-6.076496
25.187672,-34.63303
22.891598,-25.12557
33.476513,41.171886
-12.09802,-26.76578
28.52287,23.941278
41.29395,-33.436077
19.86489,-7.1452928
9.341637,29.787342
10.210772,25.885647
-7.778197,13.101738
30.151104,15.843623
4.8243866,-52.221638
30.174982,14.727833
21.421762,-5.1316314
24.11729,-21.276134
23.426224,-2.5364676
18.836782,-8.612279
28.410847,5.5534925
23.25596,-61.50446
10.740243,18.34462
8.204592,-60.374626
10.167955,6.023586
41.96752,-32.45929
22.843239,-25.475422
4.82316,-49.0345
-5.216956,31.767282
43.527504,-6.786855
-0.44375873,-10.989643
10.733069,17.925701
10.339525,7.99648
9.988265,4.0249453
4.8907313,-48.239742
39.7068,37.964386
5.5839443,-43.23934
26.627853,1.9584154
29.927685,10.973792
5.691504,-42.61555
45.22796,-26.463835
44.14138,-10.57067
18.287895,-64.16028
29.270042,-37.37025
23.841152,-32.490204
10.206344,6.4602213
9.220088,30.122831
24.639027,-33.88892
30.614014,40.7261
27.148659,37.493633
4.7705107,-50.186367
26.834192,-15.977977
5.058613,-53.66517
28.662731,23.458244
27.947111,25.956974
30.207043,-37.670364
27.920433,26.046316
17.050768,-64.394394
30.019817,17.005304
33.57811,-37.890446
19.549942,-7.5813823
40.03371,37.668186
35.146385,40.916653
44.58419,-28.20665
10.701474,15.588355
9.47827,29.329239
-0.04838199,-12.539787
4.9901843,-53.316044
23.8693,-21.831448
4.76368,-50.847893
10.733125,17.91944
5.527,35.169613
30.134987,13.382734
22.316845,-3.9902773
39.610416,38.124832
26.515179,-16.786287
34.786037,-37.60159
28.062654,25.55151
25.97328,0.98455983
8.557819,-60.779305
10.6778555,20.529667
45.57197,-17.737614
29.760517,9.976816
28.786469,22.965584
8.550285,31.583931
5.272275,-45.147484
30.235638,15.3366585
28.50677,5.7804656
30.048788,12.098823
29.422806,40.10157
4.5732684,35.640068
5.7694144,-42.169983
29.822083,10.283974
26.557863,35.149437
10.346449,8.102302
10.655566,13.655956
45.685143,-24.3086
42.958942,-31.325459
28.05967,25.561361
-7.6969523,12.704326
35.50779,40.820282
-1.0232639,35.294285
42.26546,34.391777
-20.849735,50.51104
30.5174,40.68681
10.085254,-62.22684
-3.9337578,-0.3071203
20.24976,-63.36974
41.81381,34.886234
4.780717,-51.552124
22.757044,-61.774693
15.883249,-64.42367
26.727953,36.257042
-8.050272,25.078981
30.243015,15.219971
28.411182,39.374767
20.819357,-63.065166
4.7689333,-50.260983
29.252022,7.9657106
26.1961,-16.833078
4.765452,-50.424156
28.091589,25.451254
21.959967,-62.317493
-15.192549,-22.592941
29.278791,8.053924
4.779588,-49.847965
26.7168,2.144664
8.673525,-60.910538
23.140797,-24.021858
10.315411,7.7198443
-8.259106,23.858763
31.366625,40.99687
26.606714,32.100765
30.047989,12.089746
4.9272413,-52.960304
30.150827,15.850057
26.42959,-17.02384
26.975433,29.651155
5.6542773,35.09571
26.777441,-16.087934
26.62544,31.863674
24.0414,-21.447155
44.93974,-27.294899
10.48635,10.032507
27.968035,25.883066
27.681955,26.893496
31.730892,-37.964985
5.4975195,-43.748264
30.104513,12.8306875
27.00871,29.505337
26.42678,1.4495761
45.739902,-19.367231
26.52351,-16.808418
26.84217,36.681103
28.744287,6.3947396
27.996546,-36.79869
10.672784,14.210694
44.761806,-13.521679
34.92677,40.963593
18.011883,-64.23728
30.172638,14.581191
25.589457,-35.071716
-3.278664,33.8441
41.88476,-32.64491
5.3442802,-54.943626
43.929962,-9.512758
44.77289,-13.571181
37.476128,39.84318
23.705524,-60.90815
33.38958,-37.923706
10.738547,18.314499
-2.2568269,34.608486
23.752703,-60.848778
45.505257,-17.327772
28.70985,6.3057523
-34.49679,-18.252754
10.5739765,22.661112
40.894787,-33.83187
36.992016,40.154175
41.44403,35.72364
21.448984,-5.0939813
16.508484,-64.43487
8.122118,-60.26311
10.048657,3.2520173
21.242918,-5.3595204
-3.4354649,33.715496
-8.195673,24.269732
43.85989,-9.124398
45.68446,-18.71998
26.371134,-17.079576
33.243492,41.183075
23.906847,-1.9058082
44.124954,-10.500006
45.37733,-25.98945
-19.421171,-11.397828
23.187977,-23.84855
32.08053,41.146984
45.677586,-24.36215
22.765024,-27.169071
26.035343,-35.501583
30.158884,14.027913
27.94198,39.02353
5.64675,-56.04272
44.78327,-27.711554
25.201925,-0.1270828
42.06622,-32.321995
10.647274,19.018948
26.839392,30.284418
22.468386,-3.8005447
22.822014,-28.78311
28.754429,23.109598
44.532043,-12.41814
21.932821,-4.488068
30.111046,12.938947
45.824245,-22.96117
21.819965,-4.622908
21.844833,-4.589973
23.906847,-1.9058075
34.367847,-37.716618
4.8442283,-48.76028
15.2161,-64.33946
28.998585,7.1481357
29.531378,19.814436
24.753525,-0.74632233
4.78272,-51.61731
9.380611,-61.625286
45.813095,-20.695621
22.956106,-61.76588
5.4419756,-44.084026
42.831127,-31.522358
12.157618,-63.37251
38.569893,39.02042
30.072233,16.588045
24.434282,-20.559187
39.1718,38.523544
44.200912,-10.859009
29.815784,18.309961
25.94868,-35.422165
19.067554,-8.358496
24.64758,-33.906013
16.86279,-64.420204
28.5487,5.8730445
29.806282,18.363277
24.278004,-33.296505
26.41443,-35.809563
11.8365135,-63.210606
10.059999,4.8867726
-1.7369323,-25.853428
61.238594,29.639706
59.92795,24.577358
60.167606,-5.701838
59.121395,21.358564
82.23955,-1.4446629
67.486664,-14.291119
59.965492,-5.1192346
61.397766,30.956762
58.94908,20.595392
61.857197,32.071903
75.90861,-11.370032
80.094246,-6.103416
69.40534,-14.312292
57.999454,4.3056903
84.82881,9.6896305
85.21411,13.193256
85.0273,11.3672495
82.92982,0.64867187
75.02459,-12.0783615
62.14253,-10.081828
58.039356,3.9821033
74.02873,-12.770426
61.66119,30.811638
58.552223,18.627132
66.23248,-13.850497
78.250595,-8.868464
61.667236,-9.2730875
60.90387,28.383081
70.18899,-14.22239
58.054893,3.861053
84.53733,7.6505523
58.03519,15.3083315
65.50089,-13.412644
62.252243,33.710693
60.48066,26.775799
83.91444,4.4129395
59.746906,-4.3094697
68.15652,-14.344312
58.388126,17.705538
62.30961,-10.327227
73.757484,-12.927717
58.709595,-0.076672874
66.55421,-14.007966
58.072605,3.7246747
61.125946,29.225193
74.10024,-12.719581
58.151302,3.1288147
60.093426,25.140646
84.94994,10.6882715
83.10515,1.2309145
76.89102,-10.428867
65.089195,-13.124159
58.77324,19.747597
60.09389,25.368473
72.241,-13.699458
57.802383,6.3514023
58.727654,19.526628
61.030243,28.854889
61.389797,-8.718002
85.28191,13.998072
82.54958,-0.52578956
62.18197,33.412605
60.946194,28.54306
65.81699,-13.611801
77.190895,-10.120807
57.676167,8.702666
58.352642,1.8000827
57.75736,12.360956
59.30874,22.146927
80.70895,-4.923092
60.84872,28.177912
57.85463,13.722721
80.03592,-6.206432
76.53238,-10.799405
58.214825,2.6722426
85.17037,12.74021
59.85586,-4.716931
57.79971,6.3881865
58.254192,2.4049804
61.41629,30.63318
61.669373,31.31482
57.87001,13.868829
58.283897,2.204176
57.958633,4.665517
58.34283,1.8463922
71.79766,-13.858692
71.906815,-13.825065
63.524574,-11.773281
85.02784,11.369783
57.818264,13.305275
69.40283,-14.31256
61.684345,31.425232
65.97146,-13.705075
79.82049,-6.5730267
58.469933,18.177366
83.79492,3.8812914
43.546642,-5.009367
80.43523,-5.4647837
83.762665,3.7433054
81.959724,-2.1818175
74.48517,-12.4623575
62.8665,-11.037279
59.912304,24.788157
78.339066,-8.743453
84.56865,7.852282
58.846878,-0.7237466
58.985363,-1.3258613
79.49941,-7.073637
76.53459,-10.795283
61.887386,-9.669561
77.50558,-9.762195
85.3451,14.90493
61.351265,-8.627793
85.270676,13.817311
59.984337,-5.1862836
82.95343,0.7266519
61.346035,30.064896
85.08679,11.920783
78.206,-8.918987
82.184135,-1.602231
59.843815,24.432903
61.652454,30.80164
57.77416,12.664604
82.350945,-1.1205611
61.070854,-8.006006
85.23718,13.44085
83.17264,1.4553071
85.31539,14.403683
85.24328,13.507743
57.671974,8.93545
84.46175,7.177707
61.825176,-9.554165
75.36009,-11.82237
67.65181,-14.307713
62.131012,33.192837
61.58675,31.251553
57.951427,4.728803
84.17741,5.6847763
69.727585,-14.281138
84.01402,4.880532
75.21868,-11.940246
60.254486,25.890993
62.097862,-10.012713
76.334785,-10.988175
57.773197,12.65087
58.91094,-1.0059068
82.05358,-1.9475198
85.280655,13.984622
81.343796,-3.601453
78.994225,-7.829984
58.97484,-1.2814009
84.28566,6.2275724
58.22703,2.6010318
60.065132,24.827566
80.67377,-4.9944315
57.787346,12.870976
78.93865,-7.9040437
83.74182,3.6558282
62.40936,-10.463063
60.474976,26.755808
59.31724,22.181484
83.14903,1.3761632
59.812805,-4.5646534
80.17532,-5.963474
82.76618,0.13451447
60.09279,25.141705
71.07506,-14.05179
78.54305,-8.466326
59.987007,-5.197171
59.58182,23.283712
63.98643,-12.229089
60.588238,27.189148
78.06565,-9.104926
74.94444,-12.138577
70.740135,-14.1209135
57.84573,5.8013043
59.164787,21.544552
77.79454,-9.428537
84.1706,5.652811
60.45134,-6.4724455
57.75824,12.378472
82.08708,-1.8553056
64.11841,-12.3568325
59.846973,24.443502
57.7122,7.7908177
67.21199,-14.244437
58.432434,1.3462003
62.528084,-10.612902
84.74281,9.034931
73.23779,-13.227455
59.16125,-2.0423748
57.73864,11.958846
57.70964,11.118793
58.55568,18.645842
84.05349,5.070786
75.49014,-11.719641
57.693913,10.548925
80.11603,-6.056722
81.81712,-2.5308099
57.927,14.423059
84.783516,9.337847
57.693596,8.182573
72.89554,-13.406746
68.144516,-14.344312
84.458954,7.163064
83.6588,3.3094454
76.6012,-10.733202
83.49534,2.6548638
83.895515,4.3304534
82.372986,-1.0558352
59.007607,20.8605
80.259315,-5.8006525
81.60608,-3.0276723
59.022476,20.931988
58.933952,20.522886
85.15634,12.597838
58.29705,2.1341918
81.85047,-2.4475842
84.69201,8.669611
58.843956,-0.71021384
62.174374,33.37821
57.71724,11.37673
61.95572,32.469383
84.46261,7.186104
77.120026,-10.203996
82.28431,-1.3146131
58.204273,2.750735
60.867657,-7.5133314
58.56767,18.71015
59.818226,24.285328
59.681118,23.69868
79.75103,-6.6809826
61.37426,30.133118
67.78923,-14.323109
58.549164,0.7276061
83.67139,3.3614647
57.699245,8.073478
72.20584,-13.716447
81.795555,-2.5825338
76.77837,-10.5474415
83.313934,1.9695816
60.399784,26.465782
57.90578,14.221949
57.745872,7.1941147
61.9749,32.54276
84.29203,6.259159
71.93139,-13.816041
83.67906,3.3933947
58.158756,16.239117
61.311604,29.938684
80.783844,-4.776525
58.233902,16.75052
74.852646,-12.21422
76.48547,-10.849048
85.036705,11.450326
67.67551,-14.312448
79.71202,-6.740922
58.96986,-1.2606577
58.12574,15.997771
81.09789,-4.1301947
68.28856,-14.347061
66.36474,-13.913614
84.244156,6.0157175
62.22643,-10.196876
84.401,6.831662
59.401096,22.538998
71.51847,-13.938202
57.79457,12.955835
76.2276,-11.084462
57.845055,5.8104987
78.75847,-8.165012
77.10105,-10.217665
84.77614,9.2896185
63.281433,-11.515992
60.179577,-5.757014
74.12112,-12.707822
84.33613,6.4938087
60.945095,-7.6993546
58.01314,15.134243
58.626434,19.016827
60.885395,28.312706
85.31518,14.4216585
69.70624,-14.283562
60.98289,-7.790193
83.286354,1.8676606
85.33068,14.647574
84.853806,9.889368
59.064285,21.106752
81.99916,-2.087792
75.207275,-11.948212
57.880684,5.417611
85.00989,11.215502
62.19431,33.45696
84.06156,5.1103578
83.09949,1.2114885
58.537548,0.7895073
57.88897,5.3299785
85.07186,11.787715
57.673676,8.830573
57.834343,13.478972
84.556725,7.774746
57.67513,9.646285
64.78362,-12.89861
58.94948,20.597271
80.04107,-6.1974807
62.05092,32.84823
75.73724,-11.515602
60.765877,-7.2847953
62.085922,32.993713
84.719345,8.868794
59.902718,-4.9138255
60.070053,25.276693
83.55338,2.8831723
81.38703,-3.5174394
58.506256,18.38423
62.518253,-10.597387
61.46339,30.553223
61.33749,30.036531
67.71582,-14.314941
80.794075,-4.7566295
71.49719,-13.9425125
57.672455,9.432308
67.048294,-14.184381
82.18333,-1.6045214
61.803745,-9.538629
64.425316,-12.621832
82.79986,0.2395995
77.35185,-9.950792
60.446915,-6.46106
59.138992,-1.9527102
57.890087,14.0592
58.193222,16.475315
59.18759,21.641779
64.78226,-12.897555
68.39625,-14.34763
59.82441,-4.6144767
77.97637,-9.217046
78.07574,-9.081655
80.0112,-6.2424483
57.67166,9.3706665
60.19812,-5.8153734
84.62895,8.239415
57.926342,14.416904
57.904556,5.1711855
82.10764,-1.81271
81.04331,-4.2473307
66.783226,-14.0996
58.437855,1.3132671
57.670506,9.169205
63.070972,-11.275475
72.65944,-13.515247
60.233643,25.804405
58.762844,-0.32350945
63.681465,-11.933746
58.46474,18.148355
72.67103,-13.510201
58.275723,17.019854
58.431664,1.3493024
84.92024,10.439222
84.30338,6.318221
61.302082,-8.525402
61.43277,30.447231
83.32453,2.0080879
59.894337,24.48211
67.392136,-14.27835
58.42824,1.3699816
84.462364,7.1846247
83.353645,2.118491
57.768276,12.559338
85.271416,13.826414
57.687016,8.338699
58.146965,16.15861
57.794662,6.4584713
57.670666,9.212022
64.61506,-12.773632
58.31927,17.28541
84.61986,8.174158
57.824493,13.373673
58.72135,19.497726
82.72208,-0.0043785037
84.50116,7.419388
85.10945,12.149316
58.459282,18.117104
57.877438,13.9395075
60.067772,25.270395
84.66136,8.456813
83.302795,1.9278413
58.09029,3.5859275
58.083694,15.684499
83.965454,4.651271
58.15708,16.23033
58.827816,-0.6375461
58.322346,1.9705216
58.53741,18.541248
60.348114,-6.2062526
62.22244,33.58737
59.23489,-2.3315146
72.55766,-13.566657
81.49701,-3.2718875
79.67074,-6.8035583
70.1608,-14.228127
85.37309,15.3890915
60.336166,26.225359
80.103004,-6.087977
85.21676,13.231374
57.74065,12.004506
57.721027,7.6240997
83.86191,4.174113
61.053032,28.947754
58.358006,1.7652881
57.882244,13.983838
60.47397,26.752031
78.067055,-9.103383
84.739044,9.008128
79.21041,-7.5142083
60.966988,28.620502
62.121143,33.14861
61.72746,31.090183
57.717583,7.69044
84.98281,10.971554
59.706245,23.791227
61.99525,32.614605
60.136772,-5.597569
59.399426,-2.9761379
59.806305,24.228218
61.533264,-9.005189
60.21941,25.764383
57.722046,11.5187
81.55724,-3.1387873
85.25828,13.671167
59.121613,21.35934
61.87536,32.136635
63.494766,-11.742859
61.689087,31.442522
62.873875,-11.047436
69.960304,-14.258001
57.78787,6.5540543
73.56449,-13.0466175
59.913822,25.034096
85.24144,13.487591
59.773247,-4.412439
61.143276,29.28765
62.430496,-10.487048
78.64988,-8.321803
61.968113,-9.833208
81.19188,-3.9258225
58.83571,20.057308
60.12239,-5.5579977
57.994755,14.9993725
60.387703,26.420094
66.51493,-13.988369
85.378685,15.4964
60.805008,28.016539
60.105137,-5.510309
73.87615,-12.865413
59.042793,-1.5659021
58.162003,16.264013
85.33389,14.736701
59.902573,-4.8877153
57.946396,4.775018
57.67387,8.824468
66.8881,-14.132786
58.051647,15.4461565
59.811913,-4.561176
58.30532,17.203642
72.57922,-13.556684
58.743454,-0.23146671
85.17132,12.788588
57.6736,9.545471
61.398666,-8.7385845
66.757576,-14.08887
58.3389,17.405405
66.07099,-13.769375
60.31788,-6.126837
57.692326,8.210683
61.813942,31.888102
63.957756,-12.202807
71.43277,-13.958342
61.726124,-9.37034
57.677513,9.801508
84.43476,7.0783854
61.446476,31.076687
77.69117,-9.549902
61.644783,-9.239783
61.63874,-9.228322
58.873154,-0.8393163
58.698063,-0.015066108
58.559803,0.6729868
76.69619,-10.6307335
85.06138,11.679396
84.8302,9.700787
85.3763,15.450566
61.700764,30.913498
59.025608,20.947094
85.35922,15.139147
57.870792,5.5240536
85.13593,12.398946
84.40977,6.909696
58.31633,2.012539
43.54051,-5.2267194
39.719105,38.03263
30.03213,-37.621746
38.294304,39.240623
27.283497,37.780785
28.024998,38.795723
45.418213,-25.778105
5.1687,-45.867973
23.635155,-32.071407
22.78875,-28.14111
36.46289,40.427868
12.985367,-63.69455
24.734549,-19.912552
22.764687,-26.82284
28.112686,25.380766
26.505482,33.97942
32.677437,-38.00599
45.61975,-18.146862
30.025387,16.977102
29.029749,7.244658
35.472874,-37.388855
44.677723,-13.120257
36.00006,-37.19024
23.25802,-31.138186
41.73546,35.24379
29.586752,-37.488262
29.002352,-37.2683
45.1695,-26.653006
10.345966,8.095179
11.495322,-63.03476
44.476315,-12.156521
41.915844,34.640423
25.739866,0.6311728
27.199722,28.709143
43.544624,-5.060912
39.19286,-35.366547
30.094622,16.395552
26.716745,31.025335
43.246136,-30.823473
29.372803,8.3862705
29.466816,20.127169
22.853542,-29.172045
45.326042,-26.193819
26.553047,32.858295
26.87623,36.801384
-1.1261799,35.254803
45.799023,-23.361969
30.097818,15.224584
43.966145,-29.488483
28.542927,5.858145
41.456123,-33.28107
38.399944,-35.93358
32.357395,41.181664
26.311865,1.6825885
21.726448,-4.7481008
27.341644,28.153135
45.80282,-23.313189
23.788553,-22.040985
37.760696,-36.31082
20.933006,-62.994144
43.97927,-29.466475
44.672455,-27.983921
25.112782,-19.17444
4.800507,-49.40271
36.883144,40.206696
28.031902,-36.8116
26.080736,1.122216
27.119806,29.029064
25.030767,-34.440063
22.968407,-24.70388
30.122095,13.134893
42.134758,34.944157
19.53855,-7.8352194
45.23567,-26.45382
43.968624,-9.7187195
29.891132,10.709638
22.958742,-29.931356
42.343815,34.23663
28.517605,23.95949
44.51566,-12.353785
26.763023,30.733725
41.170414,36.133877
26.51176,33.72401
45.777126,-19.912622
45.731472,-23.982485
42.133205,-32.247135
30.629284,-37.774673
27.377415,-36.460983
27.732773,38.611794
42.266632,34.511852
37.295303,39.960865
7.965964,-60.07402
7.2031918,33.570694
22.857252,-29.21873
18.5748,-9.108824
25.5743,-35.05183
29.128159,7.5536213
44.934834,-27.311398
15.568289,-64.39753
44.53407,-12.426057
30.716547,40.772167
45.31202,-26.170624
27.654623,26.991459
31.625338,41.06177
35.200718,40.905785
26.515787,1.6748048
27.805805,26.449663
26.062572,1.0858657
26.564144,-35.923977
44.105568,-10.408399
44.83,-13.853618
5.011587,35.479027
32.353703,-38.014843
44.499863,-12.290708
22.704071,-3.49662
5.786129,-56.44854
41.884224,-32.846897
8.820564,-61.0672
26.717794,31.017973
44.391216,-11.760027
21.428833,-62.69078
37.041466,-36.722263
19.068186,-63.89538
26.37243,1.3752266
43.52817,-6.799804
42.228943,34.73168
26.922407,29.88387
9.936912,-62.097668
25.194422,-34.644543
24.767698,-19.848701
38.353962,-35.95061
45.587204,-24.906713
26.074598,-17.376858
45.41331,-16.794762
22.735636,-61.759956
26.609325,-16.412483
38.558086,-35.839195
6.6902914,-58.213593
40.12598,37.53231
12.472615,-63.506298
19.247093,-8.254549
24.13345,-60.397564
4.8409233,-52.362717
45.51882,-17.397808
43.532555,-6.8824453
38.467766,-35.892002
42.700893,-31.73578
24.958054,-19.466928
25.958336,-17.6046
26.537006,34.91537
4.9839244,-47.37232
23.41353,-31.561422
45.12728,-26.779663
31.859308,41.112633
43.521156,-6.565115
45.820328,-20.880238
5.815789,-41.886757
-5.6228104,4.976418
22.806532,-25.846369
23.338669,-31.36648
26.98805,2.6051276
-18.926033,-12.991381
43.783813,-8.689238
27.165632,2.918022
31.742044,-37.96611
22.924438,-24.933578
10.472347,-62.461506
36.4207,40.449184
45.82327,-22.983238
28.695417,6.266451
45.58741,-24.913954
44.30765,-11.370197
22.836487,-25.520386
22.130346,-4.2327156
6.232884,-57.429478
9.997696,3.9612246
44.442986,-28.525986
43.718678,-29.955572
35.881577,40.69093
29.979603,11.395362
28.708267,23.275806
12.677908,-63.584778
45.62674,-18.202066
20.009428,-6.967674
22.764633,-26.828957
10.632546,21.675255
19.433134,-7.607426
39.090935,-35.447884
30.086277,15.303551
45.83675,-22.561808
29.022852,39.85247
45.47335,-17.141773
45.8005,-23.34433
44.168915,-10.711668
45.74835,-19.514172
42.78084,-31.59746
29.805725,-37.553288
34.304028,41.07112
45.8308,-21.23856
44.53821,-28.312359
35.474876,40.83099
42.540184,-32.167164
28.801237,22.918474
25.23335,-34.687405
27.378311,37.98662
42.725323,-31.694
26.806791,36.54564
44.628075,-28.102955
43.90438,-9.364866
44.02106,-9.971652
9.875308,2.907525
23.554379,-2.383899
40.33509,37.27901
42.616417,-31.931559
23.093355,-30.554596
24.59795,-33.83037
26.524342,33.40144
44.34256,-11.52046
31.664854,-37.95686
38.642673,-35.78718
30.191181,15.4323225
22.871399,-25.263847
40.63723,-34.077286
43.68019,-8.047995
26.214657,-16.802584
-7.5264497,11.920114
23.008564,-30.189657
27.386093,3.3588104
41.910336,34.651836
39.360443,-35.21536
23.034552,-24.434523
28.55331,-37.07342
43.651333,-7.838399
41.699295,35.36686
20.79438,-63.085003
27.00706,29.514765
45.259987,-26.389734
41.985397,35.057938
29.190641,39.965473
29.995838,-37.613728
40.620365,36.898
32.979027,-37.971706
19.007124,-8.141118
9.115306,-61.35352
45.575848,-17.746847
9.551571,-61.766273
43.526676,-5.9787292
6.292034,-57.535828
28.522867,23.941277
28.392172,24.402279
41.46091,-33.27051
29.408834,20.398502
22.396152,-62.027824
43.775517,-8.632954
29.466818,20.127169
23.700487,-60.911125
4.853189,-48.646896
10.544372,11.056381
39.187435,38.50211
39.46627,38.25786
44.620365,-12.842901
29.995518,11.55679
25.029425,-19.332834
5.8159,-56.543407
24.939533,-19.513807
10.542212,11.018082
23.719267,-22.207876
41.379105,-33.35097
29.771126,10.029657
29.530067,8.983551
26.090874,-17.354752
30.17504,14.650372
36.946228,-36.76536
24.029503,-60.543396
24.244768,-33.237606
37.35755,39.925034
32.792778,-37.994667
29.929901,10.990902
22.872072,-25.257732
7.495906,-59.430836
36.358395,40.482433
23.248228,-61.48611
27.922838,26.037046
30.185703,15.043483
39.65533,38.053963
31.537914,41.041157
45.834305,-21.382603
31.919975,-37.992107
36.238052,-37.09251
28.867325,-37.20804
22.797832,-25.941128
40.57829,36.96042
22.77262,-27.650118
23.007996,-30.184269
28.861134,22.682188
45.743427,-19.452965
24.854317,-19.67294
40.506718,-34.201042
27.474825,3.534943
27.172314,37.546745
10.703893,19.738728
25.899452,0.86867225
45.26808,-26.345036
30.573803,40.712082
22.773537,-26.419205
25.822468,-17.84652
26.760262,30.750164
27.066982,29.255602
42.27783,-32.04434
26.284449,1.643048
30.114267,16.21941
23.21142,-23.760298
45.73483,-19.315872
29.963638,17.40779
26.634506,35.74995
45.78675,-20.093956
5.829731,-41.824257
26.789278,30.564587
45.61975,-18.146862
29.807884,10.21845
22.786211,-26.142607
4.8331246,-52.29752
43.998344,-9.867434
23.834291,-60.78062
45.516308,-25.303423
26.752344,30.805607
23.524664,-31.82403
44.87791,-14.075204
19.099508,-63.889774
32.474083,41.19158
24.218225,-21.048237
26.05822,1.0787822
34.993942,-37.544155
9.800437,-61.987915
37.321316,-36.571617
15.597114,-64.40027
38.759243,38.882236
22.75528,-61.61261
5.119223,-53.95721
4.865924,-52.557384
12.46708,-63.5044
26.87623,36.801384
18.147346,-64.201805
44.21169,-10.915762
23.601347,-22.523949
26.52422,34.715885
24.691607,-20.00556
27.27635,-36.396282
45.100235,-15.193727
23.833729,-2.010501
27.801346,26.468946
29.980703,17.28709
44.50693,-12.314663
29.054342,7.3146186
6.4695973,-57.85122
23.183193,-30.902063
27.013552,29.487913
21.769516,-4.6866446
44.334976,-28.754969
43.77593,-8.642356
45.32602,-16.347271
45.656635,-24.489872
31.310791,40.98462
30.121552,16.14532
23.097748,-30.575428
35.411324,40.846756
38.02754,39.43526
41.144337,36.173786
4.887895,-48.269363
17.987404,-64.24463
23.393204,-23.15043
26.168644,1.435706
45.623764,-18.181221
26.867466,-15.917093
43.521885,-6.575346
44.8479,-13.930605
23.74604,-60.869564
43.54685,-7.0485926
24.679344,-0.84837955
10.513768,10.495116
27.614676,-36.592278
41.841145,35.16227
29.525429,8.965552
18.897524,-63.972816
42.314686,-32.562775
10.586264,11.92888
22.121695,-4.243232
39.329483,-35.248497
35.92876,40.66849
44.18652,-10.791837
29.26902,21.012451
14.637973,-64.201096
25.673115,-35.159275
35.19392,-37.485573
26.922161,-36.174835
35.88798,40.689526
27.47025,3.5268466
37.604614,-36.412395
27.747149,38.626102
45.427433,-25.7209
24.143946,-1.5797606
42.67722,-31.793476
24.241983,-33.232204
28.278059,-36.938427
19.57038,-7.577263
43.991596,-9.832686
45.62442,-18.186735
22.832415,-61.765087
23.482935,-31.73059
16.018724,-64.43706
44.580624,-12.649438
45.742905,-23.883917
15.447608,-64.37954
36.46959,-36.991955
12.003251,-63.290497
39.541798,-35.062893
42.344715,-32.52278
24.827135,-34.16549
23.686178,-22.304539
28.645775,23.518503
10.377645,24.715038
45.310993,-16.25619
32.42133,41.184593
7.619897,-59.610313
30.173822,14.950247
32.05745,41.141186
43.547443,-7.0534377
29.798588,10.168967
14.637973,-64.201096
37.93383,-36.212048
23.354965,-61.283676
30.16861,14.404819
28.47526,24.11522
18.50453,-9.277127
28.256493,39.25741
20.02182,-63.483826
42.395176,34.11282
23.390001,-2.610557
10.653322,13.57216
45.005512,-14.719022
45.833717,-22.68387
43.56,-7.185839
5.326968,-54.870773
27.449537,27.744831
4.916844,-52.895054
36.448692,-37.002975
45.841248,-22.021631
41.666416,-33.09649
28.157434,39.174538
-2.0157845,-5.9641
28.531986,5.8413124
26.526999,34.761833
27.51162,27.512304
13.610725,-63.895172
23.23794,-2.800649
29.860483,18.057316
4.825468,-52.236843
26.267412,-35.69204
42.446033,33.930798
45.500896,-17.30348
42.152515,34.490807
19.640177,-7.4273877
42.20629,34.831306
45.710472,-18.981268
27.505617,38.23536
29.865776,18.044075
10.36312,8.305219
32.10758,-38.007313
23.602514,-31.99957
23.554377,-2.383899
26.783585,36.459373
39.521866,38.19753
24.9527,-34.339413
30.113028,12.973734
26.626972,35.69749
23.740486,-22.159174
21.082108,-5.562801
45.771805,-23.66158
24.666943,-20.061613
38.939804,38.73168
23.811747,-32.4297
9.798517,3.1289022
42.199642,-32.6643
40.038055,37.6274
10.411478,-62.42359
41.59419,35.50234
38.24046,39.28547
19.132378,-7.8853183
4.821571,-49.057392
44.466446,-12.122874
26.509491,34.410038
26.521955,34.662827
6.9423046,-58.611706
37.268993,39.98167
45.475407,-17.160143
9.536216,29.12864
26.927847,-15.794748
29.940845,40.402344
44.343784,-28.732319
24.796185,-19.789814
29.741951,9.886819
-5.865784,5.765632
10.6953,15.229889
8.348866,31.93236
-22.062271,-1.8677864
-5.544069,31.248222
-25.296028,43.8321
0.6943784,-18.8931
-7.672327,26.769178
1.8040395,35.95028
-7.8099947,26.201303
18.382017,-64.12299
0.27230248,35.74773
-4.3687253,32.838245
-4.48197,1.3535556
3.226251,35.86851
4.8959136,-52.766235
-3.763331,33.441605
-30.232155,-34.6075
-3.930329,-0.3169093
-4.3039565,0.80861324
21.103474,-62.88936
-9.364321,-28.56915
-43.716316,23.396662
28.38553,39.36627
10.741414,17.694153
-15.232395,-22.47199
-8.016581,25.239666
15.874231,-64.42315
-5.973871,30.507765
-8.288409,23.646385
-40.752445,4.806925
6.4896207,-57.881042
-12.677434,57.587406
-12.970494,57.65194
-5.2522187,31.70129
19.27996,-63.81787
-14.59904,-23.583439
-22.706717,1.3360176
-33.632107,-22.79194
9.823822,27.989841
-8.555934,20.417515
-0.86486536,35.36657
-6.6043053,8.316221
5.985452,-56.94455
28.375774,5.47044
5.638544,35.107315
-0.62252855,-10.323879
9.780475,3.4788072
5.7259455,-42.427452
-7.643088,26.794535
-6.780258,8.945961
0.09347926,-13.144992
-2.0720599,-5.7943115
4.8014297,-49.390636
10.24245,25.689936
-35.836334,-45.063595
-28.440767,32.64918
-17.012978,54.30958
5.3400793,-44.706367
-0.7299707,-9.961561
8.965567,30.73084
3.2473004,35.86658
-8.680483,-28.744345
-6.8092155,28.850777
10.3729515,24.751518
-7.1994314,10.545581
10.708539,18.637308
-8.13361,15.106985
-36.824364,-45.32987
-8.32395,16.326878
10.037696,26.927147
-8.528738,17.598392
-4.0922995,33.1333
3.7912655,35.805458
-22.788054,2.1072588
-33.618282,-44.009243
23.958336,-1.8321478
10.708838,19.54511
-6.4202614,29.66258
-6.0244384,6.3069334
-5.6948357,5.209704
-7.660186,12.527625
-8.1254425,15.058018
-7.673767,26.761051
10.234459,6.7604585
10.503202,23.51903
-1.4773598,35.083504
-16.581387,-19.546545
10.667938,14.022191
-7.45645,11.622259
-16.395514,-19.998907
5.2722754,-45.14748
10.540549,10.985729
22.442295,-61.99492
-2.21211,-5.391505
-8.518824,18.35744
4.7709966,-51.21483
6.0941043,34.75899
-7.1654854,10.415553
-7.1136236,28.165733
5.0938735,-46.454533
26.423557,1.4737287
-21.672035,-3.5064063
6.9102554,33.929928
-59.323826,18.016216
10.026968,26.984457
10.57028,11.579659
-4.118697,0.25071812
-6.9818416,9.699624
-4.342203,32.862244
9.050023,30.554585
-19.885637,-9.913202
29.301401,20.873838
5.3562584,-44.604416
7.202099,-59.004196
-2.807705,-3.634203
30.165041,15.506053
4.7769485,-51.433533
10.398215,24.539726
-22.428885,-0.05073685
-4.7069025,32.439075
-22.552195,0.64308643
5.881027,-41.508823
10.075784,3.5085433
-42.904858,-2.8410854
4.92607,-47.895115
-14.60622,56.2782
-5.6879277,5.1873903
-8.449973,17.264364
-8.439414,22.46185
-27.442024,37.872543
17.393179,-64.355545
-15.221441,-22.50779
27.39666,27.940205
-16.77917,54.512863
-1.2048895,-8.408646
-39.718086,13.176092
-7.54681,27.051964
-5.646391,31.062725
-8.351636,16.509861
-8.494084,21.92822
5.494475,-43.768234
-8.520042,21.56339
6.192952,-57.355614
5.908016,-41.35078
10.413403,24.410603
-23.273256,5.666489
-2.447182,-4.6917195
-8.540659,21.132055
10.378054,-62.402508
10.721169,19.1899
16.887127,-64.41525
-1.8207693,-6.5390677
0.54554254,-18.307028
9.050018,30.554583
-7.0165124,9.83205
-8.349193,16.49349
19.067602,-8.017677
-8.535438,18.818762
23.756256,-2.111716
-1.9312197,34.826744
22.726088,-3.4691308
-9.246697,-28.624176
0.3373961,-14.374155
4.7689576,-51.155636
-2.6874354,-26.835909
-13.134411,-25.605341
10.390691,8.658933
-7.10052,28.193474
-7.1771135,10.458353
23.585964,-2.3425577
-32.4385,-43.044395
10.69003,18.682117
10.511083,10.411215
2.2829907,35.938465
9.468872,29.367607
26.713543,31.046942
-40.51422,18.455093
10.07072,3.4051275
-4.0923,33.1333
10.574544,11.677372
-5.188503,3.5689442
1.7580305,35.950233
17.254139,-64.37841
-2.381861,34.520733
5.783564,-56.440773
-4.170451,33.056217
10.620143,12.7066965
-41.854156,0.60154057
-3.3280156,-2.1065056
1.5697865,35.94661
1.1159236,35.91583
10.461343,23.980423
10.409381,8.929302
10.505704,23.497314
-8.453372,17.286705
-5.3468046,31.5606
21.490858,-62.644115
-7.145669,28.093582
-8.51161,18.208479
0.43702325,35.791424
10.670887,14.141464
9.78619,3.4984877
9.155475,30.305836
10.604557,22.189598
0.91165,35.88797
19.27996,-63.81787
10.490543,10.101322
10.72072,19.214315
-6.0018215,30.456545
-25.056383,44.33526
10.70109,15.555966
-5.4435167,4.392338
10.60309,22.212988
4.780317,-51.537556
-6.6335306,8.420543
0.37625778,-20.889427
0.6261455,-19.3212
10.731474,17.437555
5.1305323,-46.162952
-7.504665,27.18984
-8.5564995,20.1003
0.34596533,-14.4217615
10.485966,10.025656
4.787943,-49.651688
8.086821,32.340195
-33.59716,-43.998493
-1.4308474,-25.439571
-0.89721704,-9.397386
6.134268,-57.250782
12.847547,-63.65146
9.874163,3.9357142
-5.8081436,5.582299
-3.3743033,-27.355415
-0.2718479,35.58049
-20.923414,50.418907
7.8379645,32.70307
10.717555,16.501787
10.4574995,9.580336
10.066715,4.9630823
-8.027593,25.191576
10.721196,19.198723
10.793244,18.747803
4.5324755,35.65018
10.597659,22.312273
-22.86244,2.6203408
-12.677781,57.450703
8.745987,31.21077
5.944872,-41.13063
5.7483773,-42.285633
-4.1123247,0.22928053
-1.2272127,-25.132317
15.982795,-64.433495
-49.24076,-36.392452
-8.454366,22.331928
-6.213528,6.9503984
-3.3389127,-2.0745842
-23.308407,5.9526825
-3.7458582,33.45852
-8.5140705,-28.77322
5.672577,-42.723724
-0.8313688,-24.476845
9.87912,2.9349937
-5.0090003,32.051765
9.856575,27.84283
-1.253775,35.204994
10.732382,17.984812
6.7382684,34.132736
0.39306837,-14.704433
6.720414,34.15602
5.5913334,-55.8679
-8.527272,21.45677
-7.3413744,27.622782
-28.400793,32.94578
6.4531183,34.437283
20.941442,-5.747024
-7.9550533,14.053581
-14.976425,-22.907497
-22.575996,1.2849728
-0.7114697,-10.027715
-1.771528,-25.894293
10.692587,15.090411
9.755426,3.2933688
-5.457486,31.38286
-5.374221,31.509693
-7.9276676,25.67574
-7.2463264,10.7339325
-21.108149,-5.6921325
-5.177179,3.5321035
-7.6969523,12.704326
-6.077627,6.482263
-19.475554,-11.228405
10.725783,17.053665
-3.8403442,33.37489
-19.210415,-12.088906
-20.331125,-8.449325
5.6881227,-42.63337
10.5240555,23.284529
-33.674236,-22.63279
-1.0522937,35.290096
5.8578696,-41.660637
-9.415516,-28.54754
0.67522794,-17.40356
-53.488747,23.827175
10.534217,-62.506886
5.2256284,-45.46165
5.4000063,-44.33522
-8.446034,17.294693
5.225627,-45.461655
9.815001,28.025145
-23.502272,7.935208
10.241563,6.8417945
-7.726366,26.51485
-3.6311755,33.556713
29.725044,9.803814
29.359905,20.618998
5.01836,35.47767
10.649873,21.283619
-7.4465175,27.338184
-0.14011079,-12.166772
10.003818,4.2845187
-39.845966,10.191051
5.799665,-41.996113
5.42704,-55.263916
0.58978206,-19.63823
5.577769,35.140347
10.291423,25.359621
-35.38991,-44.90571
-2.1015882,-26.282034
-2.7062845,-26.850868
-0.8181412,-9.663131
20.235094,-6.662034
-7.9414997,25.600397
-5.8778496,5.804765
10.254113,6.987009
-2.6464918,-4.106996
-4.9561586,2.829594
-40.988384,-44.814804
-20.793234,-6.8423977
-3.3386827,-27.331322
4.9282217,35.523716
4.763481,-50.834255
-0.9580562,-9.199649
9.669482,28.630445
10.409381,8.929302
5.7515707,-56.345535
-23.465197,47.134808
-38.32896,-45.384434
0.854897,-18.247252
10.123187,26.430082
10.6340685,21.638802
14.784582,-64.23688
-17.81152,-16.306143
10.019075,4.425297
-34.166454,-20.507105
-6.183213,6.8465195
0.6365264,-16.895227
-8.23622,24.00983
10.650211,21.275537
10.737233,18.289492
29.24942,7.956987
0.039151136,-22.319332
-8.50546,18.109793
-2.1653786,-26.352467
10.514112,10.502442
-44.96907,-9.190553
9.116975,30.395475
-6.308971,29.884655
-2.606916,34.35125
-39.736546,12.033838
5.0375323,35.472797
5.293695,35.323544
-31.388193,-41.590958
1.3336408,35.93322
28.075012,25.511112
10.658918,13.742455
0.31432673,-14.258806
5.57615,-43.28313
-20.336483,51.091393
-14.295719,-24.054329
0.22754967,35.735214
10.675811,14.32522
-1.1816499,-8.479766
-5.5732255,31.201588
-4.236679,0.6092707
29.54847,9.054986
-4.5483413,-28.005243
-4.375173,32.82874
-14.387978,-23.910332
-8.528736,17.598392
10.439681,9.331743
10.011963,4.3754992
8.962818,30.755518
-2.4163196,-26.590513
10.545742,23.021214
-60.358475,15.835053
0.6033551,-16.546278
-1.7735558,34.92231
-7.339113,11.121383
9.287052,29.935898
-4.739755,2.1527843
-0.013853019,35.665863
17.711092,-64.29876
10.783597,19.04506
10.675231,14.298824
-6.075674,6.4720187
10.605471,22.174017
-8.405467,17.459326
-5.855982,5.7361326
-4.910825,2.6898334
5.945615,-41.126446
9.666692,28.641766
10.50653,10.361997
5.3418984,-44.694622
-42.083813,-0.1853776
-4.0185027,-0.052323442
-8.476604,22.113338
10.1690035,6.0369844
10.254113,6.987009
10.438626,9.313994
-4.395099,32.814518
-15.172074,55.837357
-3.3278189,33.80326
-8.722349,-28.739927
5.6206455,-55.966076
-4.276917,0.72846764
8.4361515,-60.646114
-22.722946,1.1144891
8.161277,-60.321552
-3.7448087,-27.583364
-26.581398,40.81001
4.893222,-52.739258
0.45670718,-15.153808
-7.24907,10.743709
4.1354084,35.747272
-1.836119,-6.493279
-8.014956,14.399109
10.2414465,25.696976
-37.902645,-45.404293
-16.901535,-18.760815
10.727776,19.141708
6.2700367,34.604393
-7.463568,27.30285
0.28081787,35.749603
-7.907225,13.785796
6.1553802,34.705112
-8.453091,17.648252
-8.361721,16.571472
10.638377,21.558256
-12.395128,-26.472515
-6.308899,29.88425
1.4353061,35.940365
6.7618947,34.106647
-8.55115,20.794981
-4.9187613,2.71284
10.310783,25.228195
5.783568,-56.44076
0.5743392,-18.42715
0.44553494,-20.51408
-27.731953,36.559536
-4.7118726,2.0688872
-2.265962,34.601288
10.60339,12.316515
-8.546834,19.27054
29.99359,11.539225
-2.4978979,-4.5460877
-28.720678,30.581945
-3.5429556,-1.469952
5.4790196,-43.852013
8.3505535,-60.546654
21.430819,-5.1186414
-55.55873,22.64167
-17.59656,-16.90981
10.452873,24.029318
-6.6523647,8.484634
-8.501577,21.840305
27.090555,2.789232
10.63878,13.189437
-8.538112,21.19622
4.5463243,35.647213
10.002179,27.106924
9.439884,-61.672573
9.420852,29.530191
-1.8420143,34.882954
-0.37708008,-23.56066
-1.0948389,-8.761737
7.8709016,32.65564
-7.1889586,-28.776255
-6.2823095,29.936565
-0.4393287,-23.69954
-13.053063,57.14686
-8.441838,22.440111
10.62044,12.714179
-33.636864,-22.76867
4.789897,35.570236
18.92891,-8.385959
-8.424184,17.062159
-4.744179,32.38613
-2.1757889,-26.361998
-8.555591,20.453878
-35.63014,-44.99446
-20.04466,-9.410239
-14.210152,56.5697
-6.929769,9.501014
-40.542107,18.672209
-16.629343,-19.443272
-13.757487,56.910362
-45.142105,-9.753061
-15.031983,-22.869253
-34.696438,-15.995056
-61.396553,12.156575
-22.567125,0.79325944
-7.547364,-28.794937
-22.367403,-0.3655443
-2.0218346,-5.9446654
-30.945778,-31.323103
-22.725203,1.1136682
-33.963745,-21.451086
-28.208477,34.221195
-44.2191,-43.102577
-26.19539,41.849426
-5.107399,-28.25807
0.68929666,-17.721445
-40.500263,5.9768176
-16.85586,-18.873722
-19.216171,52.27875
-4.0187817,-27.736155
-45.57357,-11.23967
-8.7985325,-28.720633
-8.486179,22.01846
-20.793234,-6.8423953
-30.27267,-37.94126
-3.4782388,-1.6614243
-11.093146,-27.584372
-1.5547422,-25.617966
-34.662884,-16.655195
-3.622918,-27.508701
-19.135962,-12.309362
-14.220542,56.556778
-13.557367,57.038605
-13.845399,56.860817
-27.186216,38.866524
-19.361813,-11.606366
0.28365725,-21.337595
-7.7434044,12.927204
-25.710659,42.95474
-17.784706,-16.383036
-57.507168,20.653492
-21.936192,-2.432056
-8.420062,17.03066
-21.203835,50.08062
-19.05317,-12.576321
-15.856838,-21.21303
-40.511066,18.44089
-33.246613,-24.158924
-13.131977,57.12056
-7.6263227,26.68826
-55.682076,22.505522
-27.944407,35.532063
-4.948188,2.8064668
-7.8348265,13.397846
-30.32873,-33.99535
-6.2848597,-28.650717
-4.841224,-28.140417
-2.6827302,-4.0005803
-31.799475,-42.320984
-23.395802,6.7710223
-0.15285003,-22.949324
-41.288757,20.221615
-19.330107,-11.703451
-24.68875,45.071022
-5.7315884,5.3302836
-23.901985,46.42156
-12.819834,57.66565
-31.195688,-30.483646
-28.775064,30.142889
-14.903977,-23.115705
-31.848198,-28.450836
-28.78137,30.098034
-26.422045,41.27234
-21.016314,-6.0515738
-25.66736,43.044266
-34.67819,-16.398932
-58.86592,18.790432
-31.96833,-28.081049
-18.088144,-15.493805
-1.4220952,-7.743198
0.67723846,-17.53319
-11.300745,-27.434032
-15.892392,-21.135061
-12.203944,57.84502
-12.675091,-26.15972
0.48345834,-15.381477
-22.044275,-1.9427857
-19.173553,52.32099
-43.635967,-43.619823
0.63543695,-19.141035
-20.85678,-6.6182294
-37.37572,-45.392967
0.44150305,-15.030376
-34.663986,-16.713293
-44.603374,-8.000631
-19.61925,51.85124
-12.164447,-26.70542
-2.6560903,-4.078236
-37.303734,-45.390965
-14.068939,-24.365921
-33.303852,-23.963453
-17.246426,54.112617
0.24291924,-21.518866
-1.5700618,-7.29445
-18.957067,-12.886591
-61.867176,1.4393497
-6.850526,9.209104
-3.8701475,-0.49766445
-23.506157,7.985393
-32.412964,-26.768896
-5.6478915,5.053025
-22.310427,-0.67249703
-42.378197,21.82858
-23.458382,7.4051094
-1.7130524,-6.8666244
-42.183086,-0.52312
-8.529717,18.630074
-13.93347,56.76104
-28.776001,30.133566
0.33573034,-14.364799
-32.583588,-26.249844
-27.349884,38.263275
-28.888538,29.165606
-21.78503,-3.0612104
-17.64328,-16.772717
-9.449721,-28.54032
-2.5899916,-4.27365
-22.714905,48.182648
-18.25489,-15.002126
-0.67891556,-24.203135
-28.526674,32.041195
-28.602291,31.478605
0.6904445,-17.782446
-28.429556,32.722813
-12.616411,-26.226109
4.505668,35.65714
-32.27432,-27.185995
-20.863825,-6.593759
-17.873272,-16.121487
-7.0770345,10.064171
-23.52145,8.238684
-18.222994,53.230457
-22.706083,1.4923086
-12.7886,57.6598
-0.48527104,-10.83641
-34.500343,-18.218008
-0.30351767,-23.372023
-14.054562,-24.39617
-11.348193,-27.398884
-39.987366,8.912231
-23.163935,4.802801
-8.219707,24.118563
-7.1055937,10.174995
-22.053972,-1.8973821
-47.414196,-39.842056
-24.083828,46.154167
-12.682232,-26.150742
-0.13376917,-22.88906
-30.543785,-39.214363
-13.311474,-25.383268
-23.301052,5.8931155
-20.213408,-8.833291
-61.307316,12.641674
-18.74615,-13.530524
-11.903881,-26.945847
-30.81588,-31.784971
-21.948544,-2.3810358
-22.279783,-0.81717974
0.5946701,-19.603287
-14.411963,-23.876013
-28.00736,35.211563
-3.0018427,-3.0640016
0.50849867,-15.599811
-27.452696,37.842052
-42.185303,21.563337
-5.356468,4.109791
-2.092444,-26.271976
-0.8724855,-9.473762
-61.101955,13.513233
-42.902092,-44.040867
-23.472542,7.546601
-20.7395,50.636368
-19.265553,52.226196
-14.873361,-23.167402
-53.582237,23.789572
-28.823826,29.7413
-30.635813,-32.485573
-30.232166,-34.60752
-7.3358026,-28.784834
-23.493052,7.783629
-49.51413,-35.429745
-33.959476,-21.474022
-46.857162,-40.509995
-23.184408,4.9624243
-40.070473,8.339565
-5.125632,3.3687353
-13.686982,-24.891731
-0.48527122,-10.836409
-31.680746,-42.135754
-20.048918,-9.39612
-31.762568,-28.714743
-19.72872,51.74732
-31.268503,-30.245758
-45.18902,-9.92722
-23.449108,7.2311497
-10.037841,-28.254543
-0.63748556,-24.119873
-15.619922,-21.713017
-0.5671211,-10.53252
-7.364793,11.239328
9.47584,29.340555
-9.028946,-28.758358
-28.143047,34.533062
-7.8038554,13.235466
-28.51558,32.118988
-8.558746,-28.766464
-26.378729,41.371162
-15.294574,-22.357143
-27.448286,37.85648
-0.30752861,-11.510983
-40.33073,6.8412147
-32.503613,-26.48932
-49.63724,-34.790546
-30.991758,-31.157883
-7.601979,12.263738
-23.276651,5.702421
-23.356651,6.3842745
-17.77608,53.64033
-19.21617,52.278755
-18.507948,52.96133
-22.676723,48.241066
-30.20118,-34.85913
-23.036594,3.8410225
-2.365254,-26.545395
-0.46069515,-23.746168
-0.69175535,-24.22762
-34.589127,-17.450228
-18.033714,53.400414
-61.373222,12.287469
-43.297245,-4.0372725
-18.151346,53.29617
-30.487839,-38.99006
-7.968249,25.485085
-5.655838,-28.4714
-1.1579884,-25.03056
-20.610735,50.792446
-48.20281,25.125895
-30.635813,-32.485573
-4.815368,32.30397
-33.69044,-22.566437
-18.602198,-13.964602
-14.496102,56.352573
-1.361913,35.140667
-60.15191,16.37673
-18.878819,-13.132678
-21.186363,-5.389007
-15.790592,-21.333776
-32.38165,-26.860807
-23.533232,8.517358
0.2559173,-13.934176
-21.873835,-2.697071
0.84284455,35.875885
-6.5932174,8.27807
-19.93338,51.530766
-40.138386,7.9247603
7.8971963,32.61819
-26.768444,40.247665
-34.35931,-19.26392
-36.73693,-45.310894
-15.410267,-22.145485
-26.360117,41.446854
-41.15888,3.1255176
-7.2053623,10.567444
-18.398863,53.066055
-16.475409,-19.806961
-30.1528,-36.881233
-3.3678858,-1.9885899
-22.363928,-0.38463062
-17.620075,-16.839647
-8.273812,15.994037
0.106139,-13.201824
-30.602682,-32.620594
-4.7397594,2.1527812
-22.725191,1.1136699
10.696579,19.962498
-14.509729,-23.72792
-17.081472,-18.289328
-9.832436,-28.369972
-19.897024,51.575657
-3.778688,-0.76894957
-24.266657,45.850292
-22.706852,48.19771
-27.905018,35.717346
-41.096348,3.3696568
-49.005993,-37.030754
0.41915557,-14.877056
-34.453316,-18.59158
-1.3329742,-8.020588
-17.45971,-17.278711
-22.222221,-1.1040041
-14.788995,-23.285954
-33.93985,-44.231544
-6.5030184,-28.692795
-28.076025,34.80778
-23.819109,46.681602
-17.869904,-16.133059
-33.10686,-24.617685
-13.188679,57.53638
-28.133707,33.751125
-4.13365,0.29499558
-1.3300202,-8.029575
-18.23772,-15.054718
-31.111479,-40.938843
-20.223463,-8.809609
-26.524368,40.985683
-49.525272,-35.36713
-34.202614,-20.269506
-26.270905,41.66819
-12.78169,57.29383
-5.0389395,3.0919476
-23.414368,6.9219666
-34.475548,-18.427734
-6.31497,7.301165
-1.4608574,-7.6224017
-10.509823,-27.970154
-15.276718,-22.388641
-21.900991,-2.5942242
-19.04214,52.432106
-40.51088,-44.972668
-28.45793,32.517727
-30.610332,-39.465446
-16.982534,-18.537222
-27.070892,39.263412
-28.188828,34.272835
-16.724892,-19.210844
-19.742033,-10.378405
-22.94147,3.1644573
-43.217937,-3.7955773
-26.785662,40.19302
-32.74881,-43.317436
-12.076356,-26.786348
-23.27527,5.690216
-13.243244,57.487804
-6.650753,-28.718098
-19.244566,-11.977768
-28.071693,34.78611
-12.645845,-26.19319
-7.88732,25.864506
-7.5666246,12.102497
-22.952805,47.85663
-33.655914,-22.699339
-8.5028105,18.08383
-46.76877,-40.607765
-7.739922,26.41872
-22.377068,48.629375
-30.163092,-37.073128
-1.1598967,-8.552532
-54.12232,23.53748
-1.8309189,-25.97527
-13.4683075,57.130795
-44.809254,-8.666553
-33.237373,-43.72681
-28.739618,30.428053
-3.1301286,-2.6862454
-0.101160616,-22.794472
-33.420193,-23.549723
-15.221704,-22.53901
-23.3761,6.5832567
-22.694948,1.4247499
-0.4442785,-23.711342
-1.5208633,-25.5707
-42.252766,-0.75220037
-23.43426,47.196213
-14.957798,56.000946
-44.332577,-7.217151
-23.99606,46.324062
9.97232,27.275166
-22.929424,47.901413
-18.82169,-13.291422
-32.986374,-24.99329
-8.722349,-28.73993
-24.647161,45.151554
-1.1030363,-8.735236
-3.718939,-0.9475984
-5.859122,-28.540604
-42.394154,-1.2194257
-23.6547,46.825665
-11.748854,-27.081888
-12.8899555,-25.9116
-19.85767,-10.018016
-27.37012,38.181343
-17.693184,-16.634558
-4.643625,1.8597847
-20.370817,-8.312886
-30.16528,-35.282284
-28.225447,34.147903
-12.466152,57.71987
-1.9234229,-6.236684
-26.002575,42.297527
-43.433403,-4.4508314
-34.665634,-16.587564
-5.1073995,-28.25807
-30.270386,-37.921654
-13.316935,57.347538
0.08138443,-13.089238
-6.9453497,28.547644
-23.061598,4.0335135
-34.663216,-16.701307
-6.0821667,-28.602873
-33.100887,-24.63601
6.969977,33.858635
-19.13596,-12.309364
-16.186705,55.015396
-6.700534,8.657997
-25.99624,42.31145
-24.486517,45.45637
-2.3429062,-4.9955277
-0.7952263,-9.735247
-49.55691,-35.212532
-26.657581,40.592102
-2.6476378,-26.805008
-16.066519,55.121716
-2.4471817,-4.69172
-21.167871,-5.458859
-7.7937093,13.185535
-16.24174,-20.345055
-22.96875,3.3560572
-21.901915,49.224373
-33.90599,-44.20958
-20.122318,51.325363
-19.829012,51.646187
0.7651229,-18.57888
-45.636356,-11.457953
-11.200091,-27.50924
-27.68533,36.780884
-14.485826,56.363808
-20.114624,-9.173697
0.021207966,-22.399868
-16.002642,-20.884903
-18.545399,-14.146664
-45.68472,-11.654257
-30.339727,-33.9321
-3.436478,-1.7852107
8.8182535,31.069532
-5.6796513,-28.4832
0.43631962,-15.001267
-15.502122,55.578156
-9.110218,-28.73648
-24.63609,45.165398
-20.093763,-9.240476
-23.637438,46.9011
-26.15903,41.94267
0.5443094,-18.251923
-7.76876,26.346575
-25.528801,43.337948
-33.892914,-21.761333
-47.747635,-39.384995
-31.932663,-42.50454
0.012892148,-12.791968
-27.314598,38.398594
-22.802032,48.070152
-28.374434,33.75165
-0.6207368,-10.331954
-13.91913,-24.573696
-6.3547053,-28.665913
-34.692997,-16.052055
-30.151234,-35.40554
-20.759901,-6.961154
-15.868483,-21.186996
-3.2192776,-27.254065
-20.97308,-6.1947145
-36.59211,-45.286415
-20.739498,50.63636
-28.733707,30.46936
-22.388895,-0.25923532
-40.427567,-45.000996
-26.478931,41.11503
-22.943426,3.1775532
-1.450339,-7.6522446
0.6338846,-19.26651
-32.73242,-25.781445
-47.290768,-39.99997
-18.688503,-13.701101
-26.763176,40.261208
-18.44857,53.01694
-18.5158,-14.233918
-30.213266,-37.55648
0.5317213,-20.014286
-23.193325,5.030449
-22.3164,-0.6339198
-21.977386,49.135895
-40.84976,19.436451
-28.662231,31.01043
-80.42787,-9.108323
-74.2504,-15.599085
-86.09354,7.057493
-44.841873,-8.761397
-54.85659,23.110806
-86.14528,7.346471
-80.42787,-9.108323
-76.98453,-13.438245
-84.45794,-0.0594204
-43.349052,-43.692547
-44.426037,-7.448421
-58.63487,19.13642
-77.23419,-13.179228
-86.206764,7.7026896
-85.977516,6.4388785
-68.563156,-17.21557
-82.57561,-5.142057
-54.957344,23.048542
-61.666454,-8.589027
-34.750923,-44.651672
-48.088745,-38.860096
-42.82033,22.401213
-82.88784,-4.4461923
-61.83155,0.684281
-86.937004,12.380126
-86.62387,10.194917
-40.40634,6.4369144
-39.46757,-45.235146
-32.186638,-27.439352
-85.63525,4.682881
-68.4092,-17.194298
-34.02482,-44.281586
-85.65701,4.7852774
-43.453182,-4.5105157
-74.56522,-15.377665
-61.95706,4.429146
-61.649258,-3.1692963
-71.39218,-16.873442
-86.89395,12.025949
-68.097786,-17.145912
-45.62277,-11.411205
-61.96272,5.705766
-84.18657,-0.9151906
-61.05049,13.703508
-85.84678,5.7333875
-86.79017,11.271692
-86.65961,10.415566
-71.02606,-16.9918
-68.1538,-17.15821
-61.608883,10.7107725
-70.311226,-17.146217
-44.970985,24.248642
-56.07541,22.180988
-61.64654,-3.2624123
-57.455383,20.713411
-61.883057,7.6608057
-77.411514,-13.010893
-46.29124,-41.120586
-48.692783,-37.747
-39.71828,13.252653
-68.62263,-17.222277
-30.704319,-39.786224
-61.78579,-9.535673
-39.904987,9.584372
-39.98913,8.88255
-59.1862,18.271996
-82.674805,-4.928941
-36.3337,-45.218372
-84.8452,1.2686288
-61.94286,3.5995219
-85.066605,2.136867
-68.305145,-17.178322
-46.97546,24.922125
-80.36609,-9.203773
-65.502144,-16.091148
-65.88644,-16.332031
-61.838776,-9.841288
-28.833652,29.6622
-86.565895,9.830405
-86.59732,10.017909
-60.11499,16.456345
-60.0952,16.49705
-73.97752,-15.775385
-80.28654,-9.330293
-30.568226,-39.308662
-81.54552,-7.1967683
-58.822945,18.857815
-84.87801,1.405921
-72.751755,-16.376284
-70.251396,-17.154415
-39.839912,15.132227
-81.51188,-7.25953
-77.06372,-13.345873
-44.458122,23.945662
-44.44808,-7.5210238
-76.877266,-13.54378
-85.1117,2.3327103
-61.923462,2.8644707
-84.70313,0.7627038
-43.17516,-3.6732912
-61.611374,-7.5939164
-39.790268,10.92858
-83.34627,-3.3114226
-43.1841,-3.7001793
-47.2156,-40.090607
-82.802925,-4.641117
-69.80982,-17.209734
-86.40174,8.838201
-83.71553,-2.311624
-73.718315,-15.927786
-61.591908,-6.3647676
-61.907135,2.4137623
-76.51369,-13.860499
-40.843487,4.402736
-61.350235,12.413521
-86.8229,11.490522
-48.168034,-38.748158
-81.41691,-7.437915
-31.477076,-29.588968
-61.884598,-10.111175
-54.226803,23.477297
-48.51732,25.132324
-42.762463,-2.3913786
-68.77132,-17.234442
-79.1912,-10.843687
-41.082188,19.856329
-42.73908,-44.126
-56.70905,21.547335
-61.77823,-9.479274
-71.5316,-16.823769
-31.48303,-41.786457
-77.54299,-12.879234
-70.70754,-17.070084
-61.628006,-8.035955
-85.21602,2.7763762
-67.313255,-16.940647
-61.71808,-1.5591338
-83.28601,-3.4675486
-61.866467,1.4229196
-60.434116,15.641065
-66.793816,-16.759718
-66.49957,-16.641066
-41.42464,2.1262906
-86.95146,12.501824
-31.879782,-42.429966
-44.96907,-9.19055
-61.94524,3.724418
-61.597904,-7.0034766
-83.23521,-3.6013691
-44.84187,-8.761396
-82.850716,-4.5298963
-80.77516,-8.548272
-80.9434,-8.271253
-61.962852,5.692711
-59.09417,18.422855
-61.631344,-3.7589955
-39.732105,13.927355
-39.76966,14.573122
-36.8641,-45.335815
-31.675915,-28.976324
-43.179623,-3.6866775
-39.925488,-45.141712
-66.180504,-16.490587
-79.87393,-9.920602
-64.94272,-15.638317
-85.32737,3.2567885
-28.722279,30.568441
-69.39715,-17.239311
-80.05513,-9.671931
-28.851336,29.512087
-61.964127,5.479504
-45.183342,-9.88284
-82.36997,-5.570129
-56.841667,21.407444
-39.729477,13.86035
-77.859406,-12.517081
-46.93208,-40.42276
-61.789593,8.901683
-62.70835,-12.610344
-80.44149,-9.08302
-83.47402,-2.972468
-78.04029,-12.304028
-49.64308,-34.727524
-45.29105,-10.247108
-39.73399,14.002669
-86.893654,12.023591
-62.241936,-11.547657
-46.04325,24.652388
-61.676163,-2.4713442
-41.50012,1.8559064
-44.101112,-6.456793
-44.66958,24.078201
-61.96197,5.821619
-31.446608,-29.68295
-49.37908,-35.95622
-78.79447,-11.362885
-61.082954,13.582481
-30.266739,-37.902027
-44.78724,24.133644
-86.55376,9.76003
-55.57876,22.637417
-84.72155,0.813474
-65.083,-15.769613
-86.81938,11.467614
-61.919895,2.7491984
-44.69702,-8.318419
-70.09115,-17.177418
-61.96265,5.019262
-86.39677,8.808161
-86.515045,9.51691
-43.703835,23.38417
-39.9004,9.627542
-84.79622,1.0706561
-61.762386,9.222355
-72.53004,-16.466093
-61.719357,9.6939125
-70.930626,-17.015644
-82.74034,-4.7831306
-40.48904,18.881145
-82.37543,-5.5589056
-33.120068,-24.577356
-62.535664,-12.243218
-33.341175,-23.834993
-86.21003,7.721335
-40.895718,19.501005
-61.852783,-9.926736
-86.874245,11.868888
-34.58312,-17.512096
-59.966694,16.76532
-53.843254,23.677149
-40.17384,16.918941
-86.19817,7.6537256
-84.84359,1.2626894
-61.95271,6.1839747
-40.280083,7.120122
-62.156498,-11.278425
-86.691185,10.606672
-86.61678,10.1506405
-70.72625,-17.065765
-39.774563,11.180659
-85.838615,5.691976
-71.37983,-16.875437
-61.597622,-5.2501445
-44.026173,-43.239822
-31.205082,-30.453533
-83.95137,-1.6322604
-75.817055,-14.426562
-71.35876,-16.884195
-61.340244,12.465904
-68.83645,-17.238752
-62.244076,-11.557738
-85.23519,2.8591065
-74.2321,-15.609286
-61.92826,2.999426
-60.945034,14.060824
-64.31098,-14.969658
-30.158882,-36.988594
-83.78283,-2.119121
-61.697712,-1.9930773
-64.04341,-14.621438
-61.086266,13.570719
-39.78287,14.704195
-43.692886,-43.55985
-76.342995,-14.004392
-83.78282,-2.119121
-78.312935,-11.976087
-81.05175,-8.08461
-56.47615,21.780315
-76.43231,-13.933546
-46.888065,24.901175
-69.72101,-17.218187
-43.135254,22.79031
-40.039146,8.548592
-83.93222,-1.6892874
-58.87622,18.777195
-84.97092,1.7628577
-85.21903,2.7887123
-61.6217,-7.8858023
-61.48142,11.629748
-45.042156,-9.422796
-45.525642,-11.071411
-41.318733,2.5217404
-67.363495,-16.957766
-86.37676,8.689878
-86.3307,8.4211645
-43.8042,23.477848
-74.02693,-15.746709
-42.972233,-3.0496254
-86.55389,9.757381
-73.080795,-16.233803
-60.971115,13.974938
-84.747475,0.8928878
-61.727375,9.608267
-61.9442,3.6713338
-64.07082,-14.656949
-28.379196,33.202675
-78.05137,-12.2924385
-61.88031,-10.089227
-82.69837,-4.8775196
-77.455505,-12.967206
-85.5882,4.4608545
-43.184105,-3.7001796
-61.592182,-6.411578
-61.961716,4.9126143
-61.91135,2.5179672
-85.695526,4.969963
-75.918076,-14.347051
-61.90189,7.3477535
-62.331676,-11.785554
-83.9346,-1.6819916
-61.639595,-3.4724038
-73.05612,-16.245075
-65.84329,-16.304375
-77.01098,-13.405826
-86.1935,7.6270823
-86.965225,12.624119
-84.95343,1.6948737
-57.687996,20.427042
-84.479935,0.012697266
-30.521156,-32.983227
-85.63875,4.6995306
-49.25615,25.078323
-45.205486,-9.991801
-43.950863,-6.013052
-56.897934,21.346165
-62.110283,-11.100528
-62.814426,-12.811067
-61.650494,-3.1351147
-85.912094,6.0776615
-79.99703,-9.75463
-73.383194,-16.097212
-61.647446,10.386102
-81.886536,-6.5434904
-61.713463,-1.6954808
-62.397884,-11.94915
-61.88644,1.8884528
-78.99561,-11.102353
-42.515343,-1.612544
-84.51182,0.11044462
-83.034546,-4.092403
-61.66599,-2.7139919
-69.85849,-17.20469
-61.955193,6.1087365
-40.059788,8.4081
-48.586548,-37.956818
-41.03455,3.6059797
-80.883354,-8.36949
-85.76962,5.338579
-67.94658,-17.117476
-86.85875,11.744181
-84.54221,0.20499
-66.31617,-16.561676
-40.84958,4.376041
-41.056664,19.817638
-61.763474,-0.6879621
-74.05277,-15.72434
-64.94831,-15.643569
-61.856133,1.2033217
-54.757214,23.171883
-61.61901,10.628126
-41.10806,3.3160796
-85.32737,3.256788
-85.20735,2.7389283
-61.597435,-5.2628746
-82.775,-4.703817
-49.360577,25.064394
-86.4893,9.3653
-62.512978,-12.199195
-38.10901,-45.39682
-31.443945,-41.698093
-61.8149,0.3416083
-61.634274,-8.15394
-62.584114,-12.348666
-85.22633,2.820915
-44.799263,-8.6189785
-44.853355,-42.53826
-48.204826,-38.66355
-61.656387,-2.963421
-55.870804,22.352375
-61.87276,7.812399
-42.001053,0.09242609
-84.848,1.2808304
-86.74941,10.9995575
-86.52252,9.566003
-59.268566,18.1189
-45.74662,-11.904117
-61.757454,-0.8005338
-40.861897,4.3242464
-60.68625,14.882446
-28.706514,30.684343
-63.673576,-14.114407
-77.92624,-12.443252
-61.70338,-8.92812
-55.60448,22.580427
-81.23946,-7.751007
-59.505,17.688295
-62.090454,-11.009761
-39.89492,15.480485
-40.740124,4.8657875
-48.1344,-38.77119
-85.93965,6.2228756
-31.994879,-28.012125
-61.706356,-1.8274012
-61.875137,7.777839
-76.9931,-13.426648
-74.707275,-15.273275
-76.48917,-13.882278
-45.560184,24.489773
-73.43184,-16.074112
-83.47167,-2.9788125
-73.06453,-16.242985
-77.65622,-12.734881
-86.70401,10.708094
-86.72764,10.838176
-80.31145,-9.277596
-84.695786,0.7180626
-34.189995,-20.348997
-85.68622,4.925287
-42.28212,21.69428
-73.69511,-15.934327
-45.614147,-11.378598
-81.05738,-8.075369
-62.067028,-10.928794
-47.947666,25.107805
-64.48647,-15.173403
-30.13456,-36.265976
-48.500496,-38.136295
-81.27755,-7.6822786
-78.349945,-11.923401
-84.00304,-1.4763857
-45.654728,24.521614
-80.16484,-9.508036
-84.18187,-0.92959625
-68.27269,-17.17754
-34.81323,-44.67783
-61.60216,-4.9986734
-83.20469,-3.6747265
-55.488316,22.641653
-62.899452,-12.938905
-86.44025,9.072752
-61.711395,-8.995314
-64.809784,-15.510142
-83.48193,-2.948464
-86.06346,6.9032474
-84.66117,0.6103551
-74.4352,-15.468821
-86.781,11.209936
-86.62324,10.190996
-82.236664,-5.8443832
-65.58658,-16.14857
-76.62915,-13.759577
-42.88086,-2.7654717
-36.655155,-45.291878
-84.631584,0.5150053
-86.94629,12.458308
-85.63174,4.6662345
-39.87589,9.870297
-82.49503,-5.3139973
-83.07047,-4.0036798
-41.779194,20.99266
-86.23003,7.836465
-83.896324,-1.7959448
-81.67231,-6.95293
-85.87509,5.882515
-30.584259,-32.70271
-40.82585,19.043056
-42.755096,-44.061928
-80.01026,-9.734636
-61.94281,6.474326
-41.76825,0.9015637
-61.592335,-5.6716576
-85.4285,3.721262
-41.068916,19.827616
-77.8689,-12.505637
-61.668396,10.197437
-81.76085,-6.7802057
-81.69075,-6.918856
-61.964127,5.4795036
-49.66305,25.0049
-85.89445,5.984682
-43.371105,23.052807
-61.755222,-0.8423669
-43.288986,22.951187
-69.31887,-17.242455
-61.66352,-8.560898
-62.026943,-10.788572
-61.89673,2.1441207
-65.43101,-16.03972
-64.597725,-15.298149
-79.55802,-10.345981
-78.47254,-11.776539
-61.430313,11.960954
-74.2118,-15.615253
-36.534786,-45.268486
-48.791134,-37.526463
-82.32688,-5.669716
-75.486244,-14.690611
-63.136497,-13.312822
-61.950157,6.273856
-61.498047,11.524764
